{
  "swaggerDefinition": {
    "swagger": "2.0",
    "info": {
      "title": "server",
      "description": "server API Documentation",
      "termsOfService": "http://swagger.io/terms/",
      "contact": {
        "name": "API Support",
        "url": "http://www.swagger.io/support",
        "email": "support@swagger.io"
      },
      "license": {
        "name": "Apache 2.0",
        "url": "http://www.apache.org/licenses/LICENSE-2.0.html"
      },
      "version": "1.0.0"
    },
    "host": "localhost:5008",
    "basePath": "/",
    "schemes": [
      "http"
    ],
    "securityDefinitions": {
      "Bearer": {
        "type": "apiKey",
        "name": "Authorization",
        "in": "header"
      }
    },
    "paths": {
      "/api/users": {
        "get": {
          "tags": [
            "User"
          ],
          "summary": "",
          "description": "",
          "parameters": [],
          "consumes": [
            "application/json"
          ],
          "produces": [
            "application/json"
          ],
          "responses": {
            "200": {
              "description": "OK",
              "schema": {
                "type": "array",
                "items": {
                  "$ref": "#/definitions/User"
                }
              }
            },
            "500": {
              "description": "Internal Server Error",
              "schema": {
                "type": "object",
                "properties": {
                  "error": {
                    "type": "string",
                    "example": "Internal Server Error"
                  }
                }
              }
            }
          },
          "security": [
            {
              "Bearer": [
                "global"
              ]
            }
          ]
        },
        "post": {
          "tags": [
            "User"
          ],
          "summary": "",
          "description": "",
          "parameters": [
            {
              "in": "body",
              "name": "body",
              "required": true,
              "schema": {
                "$ref": "#/definitions/User"
              }
            }
          ],
          "consumes": [
            "application/json"
          ],
          "produces": [
            "application/json"
          ],
          "responses": {
            "201": {
              "description": "Created",
              "schema": {
                "$ref": "#/definitions/User"
              }
            },
            "500": {
              "description": "Internal Server Error"
            }
          },
          "security": [
            {
              "Bearer": [
                "global"
              ]
            }
          ]
        }
      },
      "/api/vehicles": {
        "get": {
          "tags": [
            "Vehicle"
          ],
          "summary": "",
          "description": "",
          "parameters": [],
          "consumes": [
            "application/json"
          ],
          "produces": [
            "application/json"
          ],
          "responses": {
            "200": {
              "description": "OK",
              "schema": {
                "type": "array",
                "items": {
                  "$ref": "#/definitions/Vehicle"
                }
              }
            },
            "500": {
              "description": "Internal Server Error",
              "schema": {
                "type": "object",
                "properties": {
                  "error": {
                    "type": "string",
                    "example": "Internal Server Error"
                  }
                }
              }
            }
          },
          "security": [
            {
              "Bearer": [
                "global"
              ]
            }
          ]
        },
        "post": {
          "tags": [
            "Vehicle"
          ],
          "summary": "",
          "description": "",
          "parameters": [
            {
              "in": "body",
              "name": "body",
              "required": true,
              "schema": {
                "$ref": "#/definitions/Vehicle"
              }
            }
          ],
          "consumes": [
            "application/json"
          ],
          "produces": [
            "application/json"
          ],
          "responses": {
            "201": {
              "description": "Created",
              "schema": {
                "$ref": "#/definitions/Vehicle"
              }
            },
            "500": {
              "description": "Internal Server Error"
            }
          },
          "security": [
            {
              "Bearer": [
                "global"
              ]
            }
          ]
        }
      },
      "/api/vehicles/{id}": {
        "get": {
          "tags": [
            "Vehicle"
          ],
          "summary": "",
          "description": "",
          "parameters": [
            {
              "in": "path",
              "name": "id",
              "required": true,
              "type": "string"
            }
          ],
          "consumes": [
            "application/json"
          ],
          "produces": [
            "application/json"
          ],
          "responses": {
            "200": {
              "description": "OK",
              "schema": {
                "type": "array",
                "items": {
                  "$ref": "#/definitions/Vehicle"
                }
              }
            },
            "500": {
              "description": "Internal Server Error",
              "schema": {
                "type": "object",
                "properties": {
                  "error": {
                    "type": "string",
                    "example": "Internal Server Error"
                  }
                }
              }
            }
          },
          "security": [
            {
              "Bearer": [
                "global"
              ]
            }
          ]
        }
      },
      "/api/auth/login": {
        "post": {
          "tags": [
            "Auth"
          ],
          "summary": "",
          "description": "",
          "parameters": [
            {
              "in": "body",
              "name": "body",
              "required": true,
              "schema": {
                "$ref": "#/definitions/User"
              }
            }
          ],
          "consumes": [
            "application/json"
          ],
          "produces": [
            "application/json"
          ],
          "responses": {
            "201": {
              "description": "Created",
              "schema": {
                "$ref": "#/definitions/User"
              }
            },
            "500": {
              "description": "Internal Server Error"
            }
          },
          "security": [
            {
              "Bearer": [
                "global"
              ]
            }
          ]
        }
      },
      "/api/vehicle-owners": {
        "get": {
          "tags": [
            "VehicleOwner"
          ],
          "summary": "",
          "description": "",
          "parameters": [],
          "consumes": [
            "application/json"
          ],
          "produces": [
            "application/json"
          ],
          "responses": {
            "200": {
              "description": "OK",
              "schema": {
                "type": "array",
                "items": {
                  "$ref": "#/definitions/VehicleOwner"
                }
              }
            },
            "500": {
              "description": "Internal Server Error",
              "schema": {
                "type": "object",
                "properties": {
                  "error": {
                    "type": "string",
                    "example": "Internal Server Error"
                  }
                }
              }
            }
          },
          "security": [
            {
              "Bearer": [
                "global"
              ]
            }
          ]
        },
        "post": {
          "tags": [
            "VehicleOwner"
          ],
          "summary": "",
          "description": "",
          "parameters": [
            {
              "in": "body",
              "name": "body",
              "required": true,
              "schema": {
                "$ref": "#/definitions/VehicleOwner"
              }
            }
          ],
          "consumes": [
            "application/json"
          ],
          "produces": [
            "application/json"
          ],
          "responses": {
            "201": {
              "description": "Created",
              "schema": {
                "$ref": "#/definitions/VehicleOwner"
              }
            },
            "500": {
              "description": "Internal Server Error"
            }
          },
          "security": [
            {
              "Bearer": [
                "global"
              ]
            }
          ]
        }
      },
      "/api/vehicle-owners/{id}": {
        "get": {
          "tags": [
            "VehicleOwner"
          ],
          "summary": "",
          "description": "",
          "parameters": [
            {
              "in": "path",
              "name": "id",
              "required": true,
              "type": "string"
            }
          ],
          "consumes": [
            "application/json"
          ],
          "produces": [
            "application/json"
          ],
          "responses": {
            "200": {
              "description": "OK",
              "schema": {
                "type": "array",
                "items": {
                  "$ref": "#/definitions/VehicleOwner"
                }
              }
            },
            "500": {
              "description": "Internal Server Error",
              "schema": {
                "type": "object",
                "properties": {
                  "error": {
                    "type": "string",
                    "example": "Internal Server Error"
                  }
                }
              }
            }
          },
          "security": [
            {
              "Bearer": [
                "global"
              ]
            }
          ]
        }
      },
      "/api/customers": {
        "get": {
          "tags": [
            "Customer"
          ],
          "summary": "",
          "description": "",
          "parameters": [],
          "consumes": [
            "application/json"
          ],
          "produces": [
            "application/json"
          ],
          "responses": {
            "200": {
              "description": "OK",
              "schema": {
                "type": "array",
                "items": {
                  "$ref": "#/definitions/Customer"
                }
              }
            },
            "500": {
              "description": "Internal Server Error",
              "schema": {
                "type": "object",
                "properties": {
                  "error": {
                    "type": "string",
                    "example": "Internal Server Error"
                  }
                }
              }
            }
          },
          "security": [
            {
              "Bearer": [
                "global"
              ]
            }
          ]
        }
      },
      "/api/customers/{id}": {
        "get": {
          "tags": [
            "Customer"
          ],
          "summary": "",
          "description": "",
          "parameters": [
            {
              "in": "path",
              "name": "id",
              "required": true,
              "type": "string"
            }
          ],
          "consumes": [
            "application/json"
          ],
          "produces": [
            "application/json"
          ],
          "responses": {
            "200": {
              "description": "OK",
              "schema": {
                "type": "array",
                "items": {
                  "$ref": "#/definitions/Customer"
                }
              }
            },
            "500": {
              "description": "Internal Server Error",
              "schema": {
                "type": "object",
                "properties": {
                  "error": {
                    "type": "string",
                    "example": "Internal Server Error"
                  }
                }
              }
            }
          },
          "security": [
            {
              "Bearer": [
                "global"
              ]
            }
          ]
        }
      },
      "/api/customers/paginated": {
        "get": {
          "tags": [
            "Customer"
          ],
          "summary": "",
          "description": "",
          "parameters": [],
          "consumes": [
            "application/json"
          ],
          "produces": [
            "application/json"
          ],
          "responses": {
            "200": {
              "description": "OK",
              "schema": {
                "type": "array",
                "items": {
                  "$ref": "#/definitions/Customer"
                }
              }
            },
            "500": {
              "description": "Internal Server Error",
              "schema": {
                "type": "object",
                "properties": {
                  "error": {
                    "type": "string",
                    "example": "Internal Server Error"
                  }
                }
              }
            }
          },
          "security": [
            {
              "Bearer": [
                "global"
              ]
            }
          ]
        }
      }
    },
    "definitions": {
      "User": {
        "type": "object",
        "properties": {
          "names": {
            "type": "string",
            "example": "string"
          },
          "email": {
            "type": "string",
            "example": "string"
          },
          "phone": {
            "type": "string",
            "example": "string"
          },
          "nationalId": {
            "type": "string",
            "example": "string"
          },
          "password": {
            "type": "string",
            "example": "string"
          },
          "category": {
            "type": "string",
            "example": "string"
          },
          "_id": {
            "type": "string",
            "example": "507f1f77bcf86cd799439011",
            "required": true
          },
          "updatedAt": {
            "type": "string",
            "example": "07/07/2022, 3:43:52 pm"
          },
          "createdAt": {
            "type": "string",
            "example": "07/07/2022, 3:43:52 pm"
          }
        }
      },
      "Vehicle": {
        "type": "object",
        "properties": {
          "chassis_number": {
            "type": "string",
            "example": "string"
          },
          "plate_number": {
            "type": "string",
            "example": "string"
          },
          "model_name": {
            "type": "string",
            "example": "string"
          },
          "company": {
            "type": "string",
            "example": "string"
          },
          "description": {
            "type": "string",
            "example": "string"
          },
          "year": {
            "type": "number",
            "example": 0
          },
          "price": {
            "type": "number",
            "example": 0
          },
          "_id": {
            "type": "string",
            "example": "507f1f77bcf86cd799439011",
            "required": true
          },
          "updatedAt": {
            "type": "string",
            "example": "07/07/2022, 3:43:52 pm"
          },
          "createdAt": {
            "type": "string",
            "example": "07/07/2022, 3:43:52 pm"
          },
          "__v": {
            "type": "number",
            "example": 0
          }
        }
      },
      "VehicleOwner": {
        "type": "object",
        "properties": {
          "customer": {
            "type": "string",
            "example": "507f1f77bcf86cd799439011",
            "required": true
          },
          "vehicle": {
            "type": "string",
            "example": "507f1f77bcf86cd799439011",
            "required": true
          },
          "_id": {
            "type": "string",
            "example": "507f1f77bcf86cd799439011",
            "required": true
          },
          "updatedAt": {
            "type": "string",
            "example": "07/07/2022, 3:43:52 pm"
          },
          "createdAt": {
            "type": "string",
            "example": "07/07/2022, 3:43:52 pm"
          }
        }
      },
      "Customer": {
        "type": "object",
        "properties": {
          "names": {
            "type": "string",
            "example": "string"
          },
          "nationalId": {
            "type": "string",
            "example": "string"
          },
          "phone": {
            "type": "string",
            "example": "string"
          },
          "address": {
            "type": "string",
            "example": "string"
          },
          "_id": {
            "type": "string",
            "example": "507f1f77bcf86cd799439011",
            "required": true
          },
          "updatedAt": {
            "type": "string",
            "example": "07/07/2022, 3:43:52 pm"
          },
          "createdAt": {
            "type": "string",
            "example": "07/07/2022, 3:43:52 pm"
          },
          "__v": {
            "type": "number",
            "example": 0
          }
        }
      }
    }
  },
  "apis": []
}